{
	"MeshAnimation" : 
	{
		"AnimationName" : "AnimationTest",
		"FrameCount" : 2,
		"Frames" : 
		{
			"Frame0" : 
			{
				"Vertex0" : 
				{
					"X" : -0.27272728085517883,
					"Y" : 0.045454546809196472
				},
				"Vertex1" : 
				{
					"X" : 0.27272728085517883,
					"Y" : 0.045454546809196472
				},
				"Vertex10" : 
				{
					"X" : 0.090909093618392944,
					"Y" : -0.25757575035095215
				},
				"Vertex11" : 
				{
					"X" : 0.090909093618392944,
					"Y" : -0.10606060177087784
				},
				"Vertex12" : 
				{
					"X" : -0.090909093618392944,
					"Y" : -0.5
				},
				"Vertex13" : 
				{
					"X" : 0.090909093618392944,
					"Y" : -0.5
				},
				"Vertex14" : 
				{
					"X" : -0.090909093618392944,
					"Y" : -0.40909090638160706
				},
				"Vertex2" : 
				{
					"X" : 0.27272728085517883,
					"Y" : 0.5
				},
				"Vertex3" : 
				{
					"X" : -0.27272728085517883,
					"Y" : 0.5
				},
				"Vertex4" : 
				{
					"X" : 0.27272728085517883,
					"Y" : 0.22727273404598236
				},
				"Vertex5" : 
				{
					"X" : 0.36363637447357178,
					"Y" : 0.22727273404598236
				},
				"Vertex6" : 
				{
					"X" : 0.27272728085517883,
					"Y" : 0.31818181276321411
				},
				"Vertex7" : 
				{
					"X" : -0.27272728085517883,
					"Y" : -0.40909090638160706
				},
				"Vertex8" : 
				{
					"X" : 0.27272728085517883,
					"Y" : -0.40909090638160706
				},
				"Vertex9" : 
				{
					"X" : -0.090909093618392944,
					"Y" : -0.25757575035095215
				}
			},
			"Frame1" : 
			{
				"Vertex0" : 
				{
					"X" : -0.27272728085517883,
					"Y" : 0.045454546809196472
				},
				"Vertex1" : 
				{
					"X" : 0.27272728085517883,
					"Y" : 0.045454546809196472
				},
				"Vertex10" : 
				{
					"X" : 0.090909093618392944,
					"Y" : -0.25757575035095215
				},
				"Vertex11" : 
				{
					"X" : 0.090909093618392944,
					"Y" : -0.10606060177087784
				},
				"Vertex12" : 
				{
					"X" : -0.090909093618392944,
					"Y" : -0.40909090638160706
				},
				"Vertex13" : 
				{
					"X" : 0.090909093618392944,
					"Y" : -0.40909090638160706
				},
				"Vertex14" : 
				{
					"X" : -0.090909093618392944,
					"Y" : -0.31818181276321411
				},
				"Vertex2" : 
				{
					"X" : 0.27272728085517883,
					"Y" : 0.5
				},
				"Vertex3" : 
				{
					"X" : -0.27272728085517883,
					"Y" : 0.5
				},
				"Vertex4" : 
				{
					"X" : 0.27272728085517883,
					"Y" : 0.22727273404598236
				},
				"Vertex5" : 
				{
					"X" : 0.36363637447357178,
					"Y" : 0.22727273404598236
				},
				"Vertex6" : 
				{
					"X" : 0.27272728085517883,
					"Y" : 0.31818181276321411
				},
				"Vertex7" : 
				{
					"X" : -0.27272728085517883,
					"Y" : -0.40909090638160706
				},
				"Vertex8" : 
				{
					"X" : 0.27272728085517883,
					"Y" : -0.40909090638160706
				},
				"Vertex9" : 
				{
					"X" : -0.090909093618392944,
					"Y" : -0.25757575035095215
				}
			}
		},
		"VertexCount" : 15
	}
}
