{
	"Edge0" : 
	{
		"I1" : 0,
		"I2" : 1
	},
	"Edge1" : 
	{
		"I1" : 1,
		"I2" : 2
	},
	"Edge10" : 
	{
		"I1" : 10,
		"I2" : 13
	},
	"Edge11" : 
	{
		"I1" : 14,
		"I2" : 21
	},
	"Edge12" : 
	{
		"I1" : 15,
		"I2" : 22
	},
	"Edge13" : 
	{
		"I1" : 16,
		"I2" : 23
	},
	"Edge14" : 
	{
		"I1" : 17,
		"I2" : 24
	},
	"Edge15" : 
	{
		"I1" : 18,
		"I2" : 25
	},
	"Edge16" : 
	{
		"I1" : 19,
		"I2" : 26
	},
	"Edge17" : 
	{
		"I1" : 20,
		"I2" : 27
	},
	"Edge2" : 
	{
		"I1" : 2,
		"I2" : 3
	},
	"Edge3" : 
	{
		"I1" : 3,
		"I2" : 0
	},
	"Edge4" : 
	{
		"I1" : 4,
		"I2" : 5
	},
	"Edge5" : 
	{
		"I1" : 5,
		"I2" : 6
	},
	"Edge6" : 
	{
		"I1" : 6,
		"I2" : 7
	},
	"Edge7" : 
	{
		"I1" : 7,
		"I2" : 4
	},
	"Edge8" : 
	{
		"I1" : 8,
		"I2" : 11
	},
	"Edge9" : 
	{
		"I1" : 9,
		"I2" : 12
	},
	"EdgeCount" : 18,
	"Face0" : 
	{
		"I1" : 0,
		"I2" : 1,
		"I3" : 3
	},
	"Face1" : 
	{
		"I1" : 1,
		"I2" : 2,
		"I3" : 3
	},
	"Face2" : 
	{
		"I1" : 4,
		"I2" : 5,
		"I3" : 7
	},
	"Face3" : 
	{
		"I1" : 5,
		"I2" : 6,
		"I3" : 7
	},
	"FaceColor0" : 
	{
		"A" : 1,
		"B" : 0.5,
		"G" : 0.5,
		"R" : 0.5
	},
	"FaceColor1" : 
	{
		"A" : 1,
		"B" : 0.5,
		"G" : 0.5,
		"R" : 0.5
	},
	"FaceColor2" : 
	{
		"A" : 1,
		"B" : 0.89999997615814209,
		"G" : 0.89999997615814209,
		"R" : 0.89999997615814209
	},
	"FaceColor3" : 
	{
		"A" : 1,
		"B" : 0.89999997615814209,
		"G" : 0.89999997615814209,
		"R" : 0.89999997615814209
	},
	"FaceCount" : 4,
	"UV0" : 
	{
		"U" : 0,
		"V" : 0
	},
	"UV1" : 
	{
		"U" : 0,
		"V" : 0
	},
	"UV10" : 
	{
		"U" : 0,
		"V" : 0
	},
	"UV11" : 
	{
		"U" : 0,
		"V" : 0
	},
	"UV12" : 
	{
		"U" : 0,
		"V" : 0
	},
	"UV13" : 
	{
		"U" : 0,
		"V" : 0
	},
	"UV14" : 
	{
		"U" : 0,
		"V" : 0
	},
	"UV15" : 
	{
		"U" : 0,
		"V" : 0
	},
	"UV16" : 
	{
		"U" : 0,
		"V" : 0
	},
	"UV17" : 
	{
		"U" : 0,
		"V" : 0
	},
	"UV18" : 
	{
		"U" : 0,
		"V" : 0
	},
	"UV19" : 
	{
		"U" : 0,
		"V" : 0
	},
	"UV2" : 
	{
		"U" : 0,
		"V" : 0
	},
	"UV20" : 
	{
		"U" : 0,
		"V" : 0
	},
	"UV21" : 
	{
		"U" : 0,
		"V" : 0
	},
	"UV22" : 
	{
		"U" : 0,
		"V" : 0
	},
	"UV23" : 
	{
		"U" : 0,
		"V" : 0
	},
	"UV24" : 
	{
		"U" : 0,
		"V" : 0
	},
	"UV25" : 
	{
		"U" : 0,
		"V" : 0
	},
	"UV26" : 
	{
		"U" : 0,
		"V" : 0
	},
	"UV27" : 
	{
		"U" : 0,
		"V" : 0
	},
	"UV3" : 
	{
		"U" : 0,
		"V" : 0
	},
	"UV4" : 
	{
		"U" : 0,
		"V" : 0
	},
	"UV5" : 
	{
		"U" : 0,
		"V" : 0
	},
	"UV6" : 
	{
		"U" : 0,
		"V" : 0
	},
	"UV7" : 
	{
		"U" : 0,
		"V" : 0
	},
	"UV8" : 
	{
		"U" : 0,
		"V" : 0
	},
	"UV9" : 
	{
		"U" : 0,
		"V" : 0
	},
	"Vertex0" : 
	{
		"X" : 0.60000002384185791,
		"Y" : 1
	},
	"Vertex1" : 
	{
		"X" : -0.60000002384185791,
		"Y" : 1
	},
	"Vertex10" : 
	{
		"X" : -0.22499999403953552,
		"Y" : 0.85000002384185791
	},
	"Vertex11" : 
	{
		"X" : 0.22499999403953552,
		"Y" : -0.85000002384185791
	},
	"Vertex12" : 
	{
		"X" : 0,
		"Y" : -0.85000002384185791
	},
	"Vertex13" : 
	{
		"X" : -0.22499999403953552,
		"Y" : -0.85000002384185791
	},
	"Vertex14" : 
	{
		"X" : -0.44999998807907104,
		"Y" : 0.63749998807907104
	},
	"Vertex15" : 
	{
		"X" : -0.44999998807907104,
		"Y" : 0.42500001192092896
	},
	"Vertex16" : 
	{
		"X" : -0.44999998807907104,
		"Y" : 0.21250000596046448
	},
	"Vertex17" : 
	{
		"X" : -0.44999998807907104,
		"Y" : 0
	},
	"Vertex18" : 
	{
		"X" : -0.44999998807907104,
		"Y" : -0.21250000596046448
	},
	"Vertex19" : 
	{
		"X" : -0.44999998807907104,
		"Y" : -0.42500001192092896
	},
	"Vertex2" : 
	{
		"X" : -0.60000002384185791,
		"Y" : -1
	},
	"Vertex20" : 
	{
		"X" : -0.44999998807907104,
		"Y" : -0.63749998807907104
	},
	"Vertex21" : 
	{
		"X" : 0.44999998807907104,
		"Y" : 0.63749998807907104
	},
	"Vertex22" : 
	{
		"X" : 0.44999998807907104,
		"Y" : 0.42500001192092896
	},
	"Vertex23" : 
	{
		"X" : 0.44999998807907104,
		"Y" : 0.21250000596046448
	},
	"Vertex24" : 
	{
		"X" : 0.44999998807907104,
		"Y" : 0
	},
	"Vertex25" : 
	{
		"X" : 0.44999998807907104,
		"Y" : -0.21250000596046448
	},
	"Vertex26" : 
	{
		"X" : 0.44999998807907104,
		"Y" : -0.42500001192092896
	},
	"Vertex27" : 
	{
		"X" : 0.44999998807907104,
		"Y" : -0.63749998807907104
	},
	"Vertex3" : 
	{
		"X" : 0.60000002384185791,
		"Y" : -1
	},
	"Vertex4" : 
	{
		"X" : 0.44999998807907104,
		"Y" : 0.85000002384185791
	},
	"Vertex5" : 
	{
		"X" : -0.44999998807907104,
		"Y" : 0.85000002384185791
	},
	"Vertex6" : 
	{
		"X" : -0.44999998807907104,
		"Y" : -0.85000002384185791
	},
	"Vertex7" : 
	{
		"X" : 0.44999998807907104,
		"Y" : -0.85000002384185791
	},
	"Vertex8" : 
	{
		"X" : 0.22499999403953552,
		"Y" : 0.85000002384185791
	},
	"Vertex9" : 
	{
		"X" : 0,
		"Y" : 0.85000002384185791
	},
	"VertexCount" : 28
}
