{
	"EdgeCount" : 0,
	"Face0" : 
	{
		"I1" : 0,
		"I2" : 1,
		"I3" : 3
	},
	"Face1" : 
	{
		"I1" : 1,
		"I2" : 2,
		"I3" : 3
	},
	"FaceColor0" : 
	{
		"A" : 1,
		"B" : 0.31764706969261169,
		"G" : 0.37254902720451355,
		"R" : 0.43921568989753723
	},
	"FaceColor1" : 
	{
		"A" : 1,
		"B" : 0.31764706969261169,
		"G" : 0.37254902720451355,
		"R" : 0.43921568989753723
	},
	"FaceCount" : 2,
	"UV0" : 
	{
		"U" : 0,
		"V" : 0
	},
	"UV1" : 
	{
		"U" : 0,
		"V" : 0
	},
	"UV2" : 
	{
		"U" : 0,
		"V" : 0
	},
	"UV3" : 
	{
		"U" : 0,
		"V" : 0
	},
	"Vertex0" : 
	{
		"X" : 1,
		"Y" : 1
	},
	"Vertex1" : 
	{
		"X" : -1,
		"Y" : 1
	},
	"Vertex2" : 
	{
		"X" : -1,
		"Y" : -1
	},
	"Vertex3" : 
	{
		"X" : 1,
		"Y" : -1
	},
	"VertexCount" : 4
}
