{
	"Edge0" : 
	{
		"I1" : 0,
		"I2" : 1
	},
	"Edge1" : 
	{
		"I1" : 1,
		"I2" : 2
	},
	"Edge10" : 
	{
		"I1" : 7,
		"I2" : 1
	},
	"Edge11" : 
	{
		"I1" : 9,
		"I2" : 10
	},
	"Edge12" : 
	{
		"I1" : 10,
		"I2" : 11
	},
	"Edge13" : 
	{
		"I1" : 11,
		"I2" : 9
	},
	"Edge14" : 
	{
		"I1" : 12,
		"I2" : 13
	},
	"Edge15" : 
	{
		"I1" : 13,
		"I2" : 14
	},
	"Edge16" : 
	{
		"I1" : 14,
		"I2" : 12
	},
	"Edge17" : 
	{
		"I1" : 15,
		"I2" : 16
	},
	"Edge18" : 
	{
		"I1" : 16,
		"I2" : 17
	},
	"Edge19" : 
	{
		"I1" : 17,
		"I2" : 15
	},
	"Edge2" : 
	{
		"I1" : 2,
		"I2" : 0
	},
	"Edge3" : 
	{
		"I1" : 2,
		"I2" : 3
	},
	"Edge4" : 
	{
		"I1" : 3,
		"I2" : 0
	},
	"Edge5" : 
	{
		"I1" : 4,
		"I2" : 5
	},
	"Edge6" : 
	{
		"I1" : 5,
		"I2" : 6
	},
	"Edge7" : 
	{
		"I1" : 0,
		"I2" : 7
	},
	"Edge8" : 
	{
		"I1" : 7,
		"I2" : 8
	},
	"Edge9" : 
	{
		"I1" : 8,
		"I2" : 1
	},
	"EdgeCount" : 20,
	"Face0" : 
	{
		"I1" : 15,
		"I2" : 16,
		"I3" : 17
	},
	"Face1" : 
	{
		"I1" : 0,
		"I2" : 1,
		"I3" : 2
	},
	"Face2" : 
	{
		"I1" : 0,
		"I2" : 2,
		"I3" : 3
	},
	"Face3" : 
	{
		"I1" : 4,
		"I2" : 5,
		"I3" : 6
	},
	"Face4" : 
	{
		"I1" : 7,
		"I2" : 1,
		"I3" : 0
	},
	"Face5" : 
	{
		"I1" : 7,
		"I2" : 8,
		"I3" : 1
	},
	"Face6" : 
	{
		"I1" : 9,
		"I2" : 10,
		"I3" : 11
	},
	"Face7" : 
	{
		"I1" : 12,
		"I2" : 13,
		"I3" : 14
	},
	"FaceColor0" : 
	{
		"A" : 1,
		"B" : 0.30392158031463623,
		"G" : 0.22696079313755035,
		"R" : 0.15392157435417175
	},
	"FaceColor1" : 
	{
		"A" : 1,
		"B" : 0.71764707565307617,
		"G" : 0.78431373834609985,
		"R" : 0.85490196943283081
	},
	"FaceColor2" : 
	{
		"A" : 1,
		"B" : 0.40392157435417175,
		"G" : 0.30196079611778259,
		"R" : 0.20392157137393951
	},
	"FaceColor3" : 
	{
		"A" : 1,
		"B" : 0.71764707565307617,
		"G" : 0.78431373834609985,
		"R" : 0.85490196943283081
	},
	"FaceColor4" : 
	{
		"A" : 1,
		"B" : 0.40392157435417175,
		"G" : 0.30196079611778259,
		"R" : 0.20392157137393951
	},
	"FaceColor5" : 
	{
		"A" : 1,
		"B" : 0.40392157435417175,
		"G" : 0.30196079611778259,
		"R" : 0.20392157137393951
	},
	"FaceColor6" : 
	{
		"A" : 1,
		"B" : 0.71764707565307617,
		"G" : 0.78431373834609985,
		"R" : 0.85490196943283081
	},
	"FaceColor7" : 
	{
		"A" : 1,
		"B" : 0.48627451062202454,
		"G" : 0.36472266912460327,
		"R" : 0.24599769711494446
	},
	"FaceCount" : 8,
	"UV0" : 
	{
		"U" : 0,
		"V" : 0
	},
	"UV1" : 
	{
		"U" : 0,
		"V" : 0
	},
	"UV10" : 
	{
		"U" : 0,
		"V" : 0
	},
	"UV11" : 
	{
		"U" : 0,
		"V" : 0
	},
	"UV12" : 
	{
		"U" : 0,
		"V" : 0
	},
	"UV13" : 
	{
		"U" : 0,
		"V" : 0
	},
	"UV14" : 
	{
		"U" : 0,
		"V" : 0
	},
	"UV15" : 
	{
		"U" : 0,
		"V" : 0
	},
	"UV16" : 
	{
		"U" : 0,
		"V" : 0
	},
	"UV17" : 
	{
		"U" : 0,
		"V" : 0
	},
	"UV2" : 
	{
		"U" : 0,
		"V" : 0
	},
	"UV3" : 
	{
		"U" : 0,
		"V" : 0
	},
	"UV4" : 
	{
		"U" : 0,
		"V" : 0
	},
	"UV5" : 
	{
		"U" : 0,
		"V" : 0
	},
	"UV6" : 
	{
		"U" : 0,
		"V" : 0
	},
	"UV7" : 
	{
		"U" : 0,
		"V" : 0
	},
	"UV8" : 
	{
		"U" : 0,
		"V" : 0
	},
	"UV9" : 
	{
		"U" : 0,
		"V" : 0
	},
	"Vertex0" : 
	{
		"X" : -0.27272728085517883,
		"Y" : 0.045454546809196472
	},
	"Vertex1" : 
	{
		"X" : 0.27272728085517883,
		"Y" : 0.045454546809196472
	},
	"Vertex10" : 
	{
		"X" : 0.090909093618392944,
		"Y" : -0.25757575035095215
	},
	"Vertex11" : 
	{
		"X" : 0.090909093618392944,
		"Y" : -0.10606060177087784
	},
	"Vertex12" : 
	{
		"X" : -0.090909093618392944,
		"Y" : -0.5
	},
	"Vertex13" : 
	{
		"X" : 0.090909093618392944,
		"Y" : -0.5
	},
	"Vertex14" : 
	{
		"X" : -0.090909093618392944,
		"Y" : -0.40909090638160706
	},
	"Vertex15" : 
	{
		"X" : -0.090909093618392944,
		"Y" : -0.5
	},
	"Vertex16" : 
	{
		"X" : 0.090909093618392944,
		"Y" : -0.5
	},
	"Vertex17" : 
	{
		"X" : -0.090909093618392944,
		"Y" : -0.40909090638160706
	},
	"Vertex2" : 
	{
		"X" : 0.27272728085517883,
		"Y" : 0.5
	},
	"Vertex3" : 
	{
		"X" : -0.27272728085517883,
		"Y" : 0.5
	},
	"Vertex4" : 
	{
		"X" : 0.27272728085517883,
		"Y" : 0.22727273404598236
	},
	"Vertex5" : 
	{
		"X" : 0.36363637447357178,
		"Y" : 0.22727273404598236
	},
	"Vertex6" : 
	{
		"X" : 0.27272728085517883,
		"Y" : 0.31818181276321411
	},
	"Vertex7" : 
	{
		"X" : -0.27272728085517883,
		"Y" : -0.40909090638160706
	},
	"Vertex8" : 
	{
		"X" : 0.27272728085517883,
		"Y" : -0.40909090638160706
	},
	"Vertex9" : 
	{
		"X" : -0.090909093618392944,
		"Y" : -0.25757575035095215
	},
	"VertexCount" : 18
}
