{
	"Edge0" : 
	{
		"I1" : 0,
		"I2" : 1
	},
	"Edge1" : 
	{
		"I1" : 1,
		"I2" : 2
	},
	"Edge10" : 
	{
		"I1" : 10,
		"I2" : 11
	},
	"Edge11" : 
	{
		"I1" : 11,
		"I2" : 8
	},
	"Edge12" : 
	{
		"I1" : 12,
		"I2" : 13
	},
	"Edge13" : 
	{
		"I1" : 13,
		"I2" : 14
	},
	"Edge14" : 
	{
		"I1" : 14,
		"I2" : 15
	},
	"Edge15" : 
	{
		"I1" : 15,
		"I2" : 12
	},
	"Edge16" : 
	{
		"I1" : 16,
		"I2" : 17
	},
	"Edge17" : 
	{
		"I1" : 17,
		"I2" : 18
	},
	"Edge18" : 
	{
		"I1" : 18,
		"I2" : 19
	},
	"Edge19" : 
	{
		"I1" : 19,
		"I2" : 16
	},
	"Edge2" : 
	{
		"I1" : 2,
		"I2" : 3
	},
	"Edge3" : 
	{
		"I1" : 3,
		"I2" : 0
	},
	"Edge4" : 
	{
		"I1" : 4,
		"I2" : 5
	},
	"Edge5" : 
	{
		"I1" : 5,
		"I2" : 6
	},
	"Edge6" : 
	{
		"I1" : 6,
		"I2" : 7
	},
	"Edge7" : 
	{
		"I1" : 7,
		"I2" : 4
	},
	"Edge8" : 
	{
		"I1" : 8,
		"I2" : 9
	},
	"Edge9" : 
	{
		"I1" : 9,
		"I2" : 10
	},
	"EdgeCount" : 20,
	"Face0" : 
	{
		"I1" : 0,
		"I2" : 1,
		"I3" : 3
	},
	"Face1" : 
	{
		"I1" : 1,
		"I2" : 2,
		"I3" : 3
	},
	"Face2" : 
	{
		"I1" : 4,
		"I2" : 5,
		"I3" : 7
	},
	"Face3" : 
	{
		"I1" : 5,
		"I2" : 6,
		"I3" : 7
	},
	"Face4" : 
	{
		"I1" : 8,
		"I2" : 9,
		"I3" : 11
	},
	"Face5" : 
	{
		"I1" : 9,
		"I2" : 10,
		"I3" : 11
	},
	"Face6" : 
	{
		"I1" : 12,
		"I2" : 13,
		"I3" : 15
	},
	"Face7" : 
	{
		"I1" : 13,
		"I2" : 14,
		"I3" : 15
	},
	"Face8" : 
	{
		"I1" : 16,
		"I2" : 17,
		"I3" : 19
	},
	"Face9" : 
	{
		"I1" : 17,
		"I2" : 18,
		"I3" : 19
	},
	"FaceColor0" : 
	{
		"A" : 1,
		"B" : 0.60000002384185791,
		"G" : 0.60000002384185791,
		"R" : 0.60000002384185791
	},
	"FaceColor1" : 
	{
		"A" : 1,
		"B" : 0.60000002384185791,
		"G" : 0.60000002384185791,
		"R" : 0.60000002384185791
	},
	"FaceColor2" : 
	{
		"A" : 1,
		"B" : 0.69999998807907104,
		"G" : 0.69999998807907104,
		"R" : 0.69999998807907104
	},
	"FaceColor3" : 
	{
		"A" : 1,
		"B" : 0.69999998807907104,
		"G" : 0.69999998807907104,
		"R" : 0.69999998807907104
	},
	"FaceColor4" : 
	{
		"A" : 1,
		"B" : 0.69999998807907104,
		"G" : 0.69999998807907104,
		"R" : 0.69999998807907104
	},
	"FaceColor5" : 
	{
		"A" : 1,
		"B" : 0.69999998807907104,
		"G" : 0.69999998807907104,
		"R" : 0.69999998807907104
	},
	"FaceColor6" : 
	{
		"A" : 1,
		"B" : 0.69999998807907104,
		"G" : 0.69999998807907104,
		"R" : 0.69999998807907104
	},
	"FaceColor7" : 
	{
		"A" : 1,
		"B" : 0.69999998807907104,
		"G" : 0.69999998807907104,
		"R" : 0.69999998807907104
	},
	"FaceColor8" : 
	{
		"A" : 1,
		"B" : 0.69999998807907104,
		"G" : 0.69999998807907104,
		"R" : 0.69999998807907104
	},
	"FaceColor9" : 
	{
		"A" : 1,
		"B" : 0.69999998807907104,
		"G" : 0.69999998807907104,
		"R" : 0.69999998807907104
	},
	"FaceCount" : 10,
	"UV0" : 
	{
		"U" : 0,
		"V" : 0
	},
	"UV1" : 
	{
		"U" : 0,
		"V" : 0
	},
	"UV10" : 
	{
		"U" : 0,
		"V" : 0
	},
	"UV11" : 
	{
		"U" : 0,
		"V" : 0
	},
	"UV12" : 
	{
		"U" : 0,
		"V" : 0
	},
	"UV13" : 
	{
		"U" : 0,
		"V" : 0
	},
	"UV14" : 
	{
		"U" : 0,
		"V" : 0
	},
	"UV15" : 
	{
		"U" : 0,
		"V" : 0
	},
	"UV16" : 
	{
		"U" : 0,
		"V" : 0
	},
	"UV17" : 
	{
		"U" : 0,
		"V" : 0
	},
	"UV18" : 
	{
		"U" : 0,
		"V" : 0
	},
	"UV19" : 
	{
		"U" : 0,
		"V" : 0
	},
	"UV2" : 
	{
		"U" : 0,
		"V" : 0
	},
	"UV3" : 
	{
		"U" : 0,
		"V" : 0
	},
	"UV4" : 
	{
		"U" : 0,
		"V" : 0
	},
	"UV5" : 
	{
		"U" : 0,
		"V" : 0
	},
	"UV6" : 
	{
		"U" : 0,
		"V" : 0
	},
	"UV7" : 
	{
		"U" : 0,
		"V" : 0
	},
	"UV8" : 
	{
		"U" : 0,
		"V" : 0
	},
	"UV9" : 
	{
		"U" : 0,
		"V" : 0
	},
	"Vertex0" : 
	{
		"X" : 1,
		"Y" : 0.30000001192092896
	},
	"Vertex1" : 
	{
		"X" : -1,
		"Y" : 0.30000001192092896
	},
	"Vertex10" : 
	{
		"X" : -0.95999997854232788,
		"Y" : 0.25999999046325684
	},
	"Vertex11" : 
	{
		"X" : -0.98000001907348633,
		"Y" : 0.25999999046325684
	},
	"Vertex12" : 
	{
		"X" : -0.98000001907348633,
		"Y" : -0.2800000011920929
	},
	"Vertex13" : 
	{
		"X" : -0.95999997854232788,
		"Y" : -0.2800000011920929
	},
	"Vertex14" : 
	{
		"X" : -0.95999997854232788,
		"Y" : -0.25999999046325684
	},
	"Vertex15" : 
	{
		"X" : -0.98000001907348633,
		"Y" : -0.25999999046325684
	},
	"Vertex16" : 
	{
		"X" : 0.98000001907348633,
		"Y" : -0.2800000011920929
	},
	"Vertex17" : 
	{
		"X" : 0.95999997854232788,
		"Y" : -0.2800000011920929
	},
	"Vertex18" : 
	{
		"X" : 0.95999997854232788,
		"Y" : -0.25999999046325684
	},
	"Vertex19" : 
	{
		"X" : 0.98000001907348633,
		"Y" : -0.25999999046325684
	},
	"Vertex2" : 
	{
		"X" : -1,
		"Y" : -0.30000001192092896
	},
	"Vertex3" : 
	{
		"X" : 1,
		"Y" : -0.30000001192092896
	},
	"Vertex4" : 
	{
		"X" : 0.98000001907348633,
		"Y" : 0.2800000011920929
	},
	"Vertex5" : 
	{
		"X" : 0.95999997854232788,
		"Y" : 0.2800000011920929
	},
	"Vertex6" : 
	{
		"X" : 0.95999997854232788,
		"Y" : 0.25999999046325684
	},
	"Vertex7" : 
	{
		"X" : 0.98000001907348633,
		"Y" : 0.25999999046325684
	},
	"Vertex8" : 
	{
		"X" : -0.98000001907348633,
		"Y" : 0.2800000011920929
	},
	"Vertex9" : 
	{
		"X" : -0.95999997854232788,
		"Y" : 0.2800000011920929
	},
	"VertexCount" : 20
}
